{
    "train_avg_loss": [
        0,
        0,
        0,
        0,
        0,
        0,
        0,
        0,
        0,
        0,
        0,
        0,
        0,
        0,
        0,
        0,
        0,
        0,
        0,
        0,
        0,
        0,
        0,
        0,
        0,
        0,
        0,
        0,
        0,
        0,
        0,
        0,
        0,
        0,
        0,
        0,
        0,
        0,
        0,
        0,
        0,
        0,
        0,
        0,
        0,
        0,
        0,
        0,
        0,
        0,
        0,
        0,
        0,
        0,
        0,
        0,
        0,
        0,
        0,
        0,
        0,
        0,
        0,
        0,
        0,
        0,
        0,
        0,
        0,
        0,
        0,
        0,
        0,
        0,
        0,
        0,
        0,
        0,
        0,
        0,
        0,
        0,
        0,
        0,
        0,
        0,
        0,
        0,
        0,
        0,
        0
    ],
    "train_avg_acc": [
        0,
        0,
        0,
        0,
        0,
        0,
        0,
        0,
        0,
        0,
        0,
        0,
        0,
        0,
        0,
        0,
        0,
        0,
        0,
        0,
        0,
        0,
        0,
        0,
        0,
        0,
        0,
        0,
        0,
        0,
        0,
        0,
        0,
        0,
        0,
        0,
        0,
        0,
        0,
        0,
        0,
        0,
        0,
        0,
        0,
        0,
        0,
        0,
        0,
        0,
        0,
        0,
        0,
        0,
        0,
        0,
        0,
        0,
        0,
        0,
        0,
        0,
        0,
        0,
        0,
        0,
        0,
        0,
        0,
        0,
        0,
        0,
        0,
        0,
        0,
        0,
        0,
        0,
        0,
        0,
        0,
        0,
        0,
        0,
        0,
        0,
        0,
        0,
        0,
        0,
        0
    ],
    "test_all_acc": [
        0.1686746987951807,
        0.19085312225153914,
        0.19572953736654805,
        0.20642201834862386,
        0.21320249776984834,
        0.1891891891891892,
        0.14285714285714285,
        0.2,
        0.21272727272727274,
        0.21635758440323347,
        0.09375,
        0.1276595744680851,
        0.3333333333333333,
        0.19123505976095617,
        0.19718309859154928,
        0.2032520325203252,
        0.45,
        0.211864406779661,
        0.21544715447154472,
        0.19960915689558906,
        0.1827956989247312,
        0.23684210526315788,
        0.21804511278195488,
        0.23333333333333334,
        0.203905540417802,
        0.26506024096385544,
        0.19814814814814816,
        0.18095238095238095,
        0.06666666666666667,
        0.25,
        0.17862371888726208,
        0.20334553058024046,
        0.20083184789067143,
        0.21800947867298578,
        0.16666666666666666,
        0.23809523809523808,
        0.14102564102564102,
        0.2079207920792079,
        0.1375,
        0.16770186335403728,
        0.19065420560747665,
        0.19,
        0.1958762886597938,
        0.16042780748663102,
        0.16524216524216523,
        0.21207865168539325,
        0.21739130434782608,
        0.18998527245949925,
        0.16666666666666666,
        0.19475181789440404,
        0.20941336971350613,
        0.1794871794871795,
        0.1643835616438356,
        0.17067833698030635,
        0.18266978922716628,
        0.17647058823529413,
        0.21739130434782608,
        0.15492957746478872,
        0.19878419452887539,
        0.22062084257206208,
        0.225,
        0.20979899497487436,
        0.25688073394495414,
        0.19733333333333333,
        0.21428571428571427,
        0.20159908623643633,
        0.22580645161290322,
        0.1847457627118644,
        0.21006036217303822,
        0.14285714285714285,
        0.21153846153846154,
        0.20476748729972646,
        0.20159629248197733,
        0.1509433962264151,
        0.18037135278514588,
        0.16243654822335024,
        0.2204968944099379,
        0.09090909090909091,
        0.22580645161290322,
        0.19072164948453607,
        0.3076923076923077,
        0.20052083333333334,
        0.1845716990061524,
        0.2348993288590604,
        0.17592592592592593,
        0.14285714285714285,
        0.21901709401709402,
        0.26629422718808193,
        0.1978021978021978,
        0.23344370860927152,
        0.16666666666666666,
        0.17647058823529413,
        0.1774193548387097,
        0.204683434518647,
        0.08571428571428572,
        0.16666666666666666,
        0.23863636363636365,
        0.22784810126582278,
        0.31313131313131315,
        0.2268041237113402,
        0.21710526315789475,
        0.21304347826086956,
        0.1851063829787234,
        0.18181818181818182,
        0.18604651162790697,
        0.2051901025950513,
        0.18850574712643678,
        0.2608695652173913,
        0.2631578947368421,
        0.24413145539906103,
        0.24324324324324326,
        0.14285714285714285,
        0.1797752808988764,
        0.1945438282647585,
        0.03225806451612903,
        0.20187793427230047,
        0.1989402697495183,
        0.19714656290531776,
        0.2034525277435265,
        0.1875,
        0.15,
        0.18804483188044832,
        0.2100456621004566,
        0.23076923076923078,
        0.2088607594936709,
        0.24324324324324326,
        0.18181818181818182,
        0.15789473684210525,
        0.17779364512674045,
        0.1996291718170581,
        0.045454545454545456,
        0.2682926829268293,
        0.17557251908396945,
        0.19218241042345277,
        0.18583584957452648,
        0.22033898305084745,
        0.20319634703196346,
        0.21297006907137375,
        0.216,
        0.26666666666666666,
        0.25,
        0.22818791946308725,
        0.15789473684210525,
        0.0967741935483871,
        0.19982264262488916,
        0.2110664881749219,
        0.19148936170212766,
        0.2152777777777778,
        0.21153846153846154,
        0.20728534258456202,
        0.19919204474829086,
        0.1811320754716981,
        0.1888412017167382,
        0.195822454308094,
        0.2023121387283237,
        0.18309859154929578,
        0.19559437903532093,
        0.20418848167539266,
        0.21794871794871795,
        0.17753120665742025,
        0.15384615384615385,
        0.18518518518518517,
        0.20344287949921752,
        0.26618705035971224,
        0.1948608137044968,
        0.1781609195402299,
        0.1917241379310345,
        0.2711864406779661,
        0.23076923076923078,
        0.2222222222222222,
        0.0625,
        0.20076150917272412,
        0.19158200290275762,
        0.18849840255591055,
        0.19689119170984457,
        0.22077922077922077,
        0.1639871382636656,
        0.21428571428571427,
        0.19723865877712032,
        0.20179584120982988,
        0.2532894736842105,
        0.14285714285714285,
        0.1794871794871795,
        0.19444444444444445,
        0.21428571428571427,
        0.17870722433460076,
        0.0625,
        0.14814814814814814,
        0.17222222222222222,
        0.18849356548069643,
        0.17192982456140352,
        0.2647058823529412,
        0.13043478260869565,
        0.21897810218978103,
        0.19255150554675118,
        0.14705882352941177,
        0.20103092783505155,
        0.28888888888888886,
        0.1415929203539823,
        0.2,
        0.1907514450867052,
        0.22535211267605634,
        0.19397363465160075,
        0.21212121212121213,
        0.24324324324324326,
        0.18592964824120603,
        0.1875,
        0.19148936170212766,
        0.13636363636363635,
        0.20668058455114824,
        0.21560751685554438,
        0.18744142455482662,
        0.22419685577580314,
