{
    "train_avg_loss": [
        0,
        0,
        0,
        0,
        0,
        0,
        0,
        0,
        0,
        0,
        0,
        0,
        0,
        0,
        0,
        0,
        0,
        0,
        0,
        0,
        0,
        0,
        0,
        0,
        0,
        0,
        0,
        0,
        0,
        0,
        0,
        0,
        0,
        0,
        0,
        0,
        0,
        0,
        0,
        0,
        0
    ],
    "train_avg_acc": [
        0,
        0,
        0,
        0,
        0,
        0,
        0,
        0,
        0,
        0,
        0,
        0,
        0,
        0,
        0,
        0,
        0,
        0,
        0,
        0,
        0,
        0,
        0,
        0,
        0,
        0,
        0,
        0,
        0,
        0,
        0,
        0,
        0,
        0,
        0,
        0,
        0,
        0,
        0,
        0,
        0
    ],
    "test_all_acc": [
        0.16265060240963855,
        0.1802990325417766,
        0.18327402135231316,
        0.2018348623853211,
        0.2016057091882248,
        0.16216216216216217,
        0.14285714285714285,
        0.2,
        0.2,
        0.20161673799334284,
        0.03125,
        0.10638297872340426,
        0.3333333333333333,
        0.17928286852589642,
        0.18309859154929578,
        0.19241192411924118,
        0.4,
        0.2055084745762712,
        0.2073170731707317,
        0.18481295365717476,
        0.1827956989247312,
        0.23684210526315788,
        0.20300751879699247,
        0.23333333333333334,
        0.1880108991825613,
        0.25301204819277107,
        0.1912037037037037,
        0.18095238095238095,
        0.13333333333333333,
        0.25,
        0.16398243045387995,
        0.19602718243596445,
        0.18478906714200832,
        0.1895734597156398,
        0.16666666666666666,
        0.21904761904761905,
        0.1282051282051282,
        0.20132013201320131,
        0.125,
        0.15838509316770186,
        0.18504672897196262,
        0.18,
        0.19072164948453607,
        0.15240641711229946,
        0.15384615384615385,
        0.21207865168539325,
        0.22826086956521738,
        0.18556701030927836,
        0.16071428571428573,
        0.1830540625987986,
        0.20327421555252387,
        0.20512820512820512,
        0.1506849315068493,
        0.1575492341356674,
        0.17330210772833723,
        0.15764705882352942,
        0.13043478260869565,
        0.11267605633802817,
        0.19878419452887539,
        0.2039911308203991,
        0.2,
        0.19472361809045227,
        0.23853211009174313,
        0.18666666666666668,
        0.18571428571428572,
        0.19379402246335428,
        0.22580645161290322,
        0.18135593220338983,
        0.18390342052313882,
        0.14285714285714285,
        0.20192307692307693,
        0.19343493552168817,
        0.1956745623069001,
        0.09433962264150944,
        0.17506631299734748,
        0.15862944162436549,
        0.20729813664596272,
        0.13636363636363635,
        0.22580645161290322,
        0.17525773195876287,
        0.15384615384615385,
        0.18229166666666666,
        0.17179365830572646,
        0.19463087248322147,
        0.17592592592592593,
        0.14285714285714285,
        0.19658119658119658,
        0.260707635009311,
        0.1813186813186813,
        0.22185430463576158,
        0.13157894736842105,
        0.17647058823529413,
        0.1774193548387097,
        0.18560277536860365,
        0.08571428571428572,
        0.25,
        0.25,
        0.16455696202531644,
        0.30303030303030304,
        0.21649484536082475,
        0.20394736842105263,
        0.18853754940711462,
        0.1723404255319149,
        0.18181818181818182,
        0.18604651162790697,
        0.19659022329511164,
        0.18160919540229886,
        0.30434782608695654,
        0.2894736842105263,
        0.22535211267605634,
        0.21621621621621623,
        0.11904761904761904,
        0.16853932584269662,
        0.18604651162790697,
        0.009216589861751152,
        0.18779342723004694,
        0.18978805394990367,
        0.1867704280155642,
        0.19852034525277434,
        0.1796875,
        0.125,
        0.1780821917808219,
        0.1917808219178082,
        0.07692307692307693,
        0.17721518987341772,
        0.24324324324324326,
        0.1919191919191919,
        0.13157894736842105,
        0.17386647625847912,
        0.19283065512978986,
        0.045454545454545456,
        0.24390243902439024,
        0.17557251908396945,
        0.1758957654723127,
        0.17979687071095252,
        0.1694915254237288,
        0.19406392694063926,
        0.20260936300844207,
        0.192,
        0.2,
        0.25,
        0.21476510067114093,
        0.15789473684210525,
        0.0967741935483871,
        0.19154596511971622,
        0.2030343596608657,
        0.17287234042553193,
        0.1909722222222222,
        0.20192307692307693,
        0.19601040763226366,
        0.18645121193287756,
        0.18867924528301888,
        0.17453505007153075,
        0.18798955613577023,
        0.1907514450867052,
        0.1784037558685446,
        0.1873908089631599,
        0.20418848167539266,
        0.21794871794871795,
        0.18169209431345354,
        0.15384615384615385,
        0.17695473251028807,
        0.18309859154929578,
        0.2589928057553957,
        0.18843683083511778,
        0.1724137931034483,
        0.1724137931034483,
        0.2033898305084746,
        0.23076923076923078,
        0.2037037037037037,
        0.0625,
        0.1855313257182416,
        0.1799709724238026,
        0.17252396166134185,
        0.19430051813471502,
        0.19913419913419914,
        0.15755627009646303,
        0.17857142857142858,
        0.1932938856015779,
        0.1838374291115312,
        0.23684210526315788,
        0.12698412698412698,
        0.15384615384615385,
        0.18333333333333332,
        0.21428571428571427,
        0.1596958174904943,
        0.03125,
        0.1111111111111111,
        0.16111111111111112,
        0.17638152914458743,
        0.14035087719298245,
        0.2647058823529412,
        0.13043478260869565,
        0.1897810218978102,
        0.18462757527733756,
        0.14705882352941177,
        0.18041237113402062,
        0.28888888888888886,
        0.1415929203539823,
        0.2,
        0.1874483897605285,
        0.19718309859154928,
        0.18267419962335216,
        0.21212121212121213,
        0.2471042471042471,
        0.17587939698492464,
        0.15,
        0.1760154738878143,
        0.11363636363636363,
        0.19206680584551147,
        0.1976760866446708,
        0.1790065604498594,
        0.20710868079289133,
        0.1781190019193858,
        0.2108167770419426,
        0.20512820512820512,
        0.03361344537815126,
        0.19302949061662197,
        0.13705583756345177,
        0.18745304282494366,
        0.20078599499821365,
        0.1893730074388948,
        0.1864951768488746,
        0.192090395480226,
        0.18465227817745802,
        0.08333333333333333,
        0.19289340101522842,
        0.1760184473481937
    ],